Date,Open,High,Low,Close,Volume
2019-10-17 09:45:00,1683.0500000000002,1710.18,1682.6499999999999,1703.67,137016400.0
2019-10-17 10:00:00,1704.0,1716.0,1703.0,1709.0,47667800.0
2019-10-17 10:15:00,1707.9999999999998,1711.0,1695.4999999999998,1696.0,43572800.0
2019-10-17 10:30:00,1696.03,1698.47,1690.4599999999998,1694.03,48406900.0
2019-10-17 10:45:00,1694.66,1701.0000000000002,1693.4999999999998,1698.0,47505600.0
2019-10-17 11:00:00,1698.9999999999998,1713.0,1698.9999999999998,1712.0,32656200.0
2019-10-17 11:15:00,1710.55,1717.68,1709.6800000000003,1715.22,33523600.0
2019-10-17 11:30:00,1714.9999999999998,1729.5000000000002,1714.9999999999998,1723.9999999999998,43070100.0
2019-10-17 11:45:00,1725.0,1732.0,1724.5,1729.5000000000002,45882400.0
2019-10-17 12:00:00,1730.0,1735.0000000000002,1728.0,1732.9999999999998,52210500.0
2019-10-17 12:15:00,1732.9999999999998,1737.0,1725.0,1725.0,42891400.0
2019-10-17 12:30:00,1725.07,1729.66,1722.1599999999999,1724.57,13975900.0
2019-10-17 12:45:00,1725.06,1731.62,1721.6100000000001,1729.56,19030000.0
2019-10-17 13:00:00,1729.0,1732.0,1723.9999999999998,1725.0,26232200.0
2019-10-17 13:15:00,1725.05,1728.67,1723.6699999999998,1727.0499999999997,17789900.0
2019-10-17 13:30:00,1726.07,1728.65,1724.3500000000001,1726.07,15781800.0
2019-10-17 13:45:00,1725.0,1728.0,1724.5,1726.21,17328600.0
2019-10-17 14:00:00,1727.0,1727.0,1723.0,1726.0000000000002,13191800.0
2019-10-17 14:15:00,1726.0300000000002,1727.36,1718.35,1718.5300000000002,16760400.0
2019-10-17 14:30:00,1719.05,1720.69,1713.1799999999998,1715.0500000000002,15977700.0
2019-10-17 14:45:00,1714.9999999999998,1718.0,1714.9999999999998,1714.9999999999998,16831300.0
2019-10-17 15:00:00,1714.9999999999998,1714.9999999999998,1710.0000000000002,1712.0,20135200.0
2019-10-17 15:15:00,1712.0,1716.0,1712.0,1715.4800000000002,14621900.0
2019-10-17 15:30:00,1714.9999999999998,1719.0000000000002,1713.0,1714.0,21278000.0
2019-10-17 15:45:00,1714.06,1715.67,1711.6599999999999,1712.06,32324400.0
2019-10-17 16:00:00,1712.0,1713.0,1709.0,1709.0,108479100.0
2019-10-18 09:45:00,1726.0000000000002,1741.0,1718.0,1737.0,91690100.0
2019-10-18 10:00:00,1737.0,1737.0,1711.0,1716.0,50063100.0
2019-10-18 10:15:00,1716.04,1719.69,1708.67,1712.7199999999998,31552300.0
2019-10-18 10:30:00,1713.0,1717.0000000000002,1712.0,1714.0,33484200.0
2019-10-18 10:45:00,1713.5300000000002,1716.35,1710.0000000000002,1711.03,23196200.0
2019-10-18 11:00:00,1711.0,1714.9999999999998,1705.9999999999998,1714.0,41568700.0
2019-10-18 11:15:00,1714.0,1719.0000000000002,1705.9999999999998,1705.9999999999998,22810900.0
2019-10-18 11:30:00,1707.0,1709.0,1705.0,1706.5000000000002,11058600.0
2019-10-18 11:45:00,1706.5000000000002,1711.0,1705.9999999999998,1707.0,12714700.0
2019-10-18 12:00:00,1707.0,1710.0000000000002,1704.0,1705.9999999999998,10491800.0
2019-10-18 12:15:00,1706.0400000000002,1707.6499999999999,1702.6499999999999,1704.0600000000002,9108200.0
2019-10-18 12:30:00,1704.0,1714.9999999999998,1704.0,1713.3700000000001,39885900.0
2019-10-18 12:45:00,1714.0,1714.9999999999998,1711.0,1711.0,15413700.0
2019-10-18 13:00:00,1711.0,1720.0,1711.0,1719.0000000000002,20714400.0
2019-10-18 13:15:00,1718.5300000000002,1725.36,1718.35,1722.0300000000002,22579100.0
2019-10-18 13:30:00,1721.5,1723.9999999999998,1719.5,1721.0,18243800.0
2019-10-18 13:45:00,1721.5,1723.9999999999998,1720.4999999999998,1722.0,17962300.0
2019-10-18 14:00:00,1722.0,1723.9999999999998,1719.0000000000002,1721.0,19712800.0
2019-10-18 14:15:00,1722.0,1728.0,1721.0,1726.99,19989300.0
2019-10-18 14:30:00,1727.0,1728.0,1723.1000000000001,1723.5,15243600.0
2019-10-18 14:45:00,1723.06,1729.68,1722.67,1727.0600000000002,18542400.0
2019-10-18 15:00:00,1727.0,1729.0,1726.0000000000002,1728.0,15762500.0
2019-10-18 15:15:00,1727.0,1728.0,1724.5,1725.0,18066400.0
2019-10-18 15:30:00,1725.05,1726.67,1721.6699999999998,1722.0500000000002,24788500.0
2019-10-18 15:45:00,1722.0,1723.9999999999998,1720.0,1721.5,43534300.0
2019-10-18 16:00:00,1722.0,1723.9999999999998,1719.0000000000002,1719.0000000000002,79859200.0
2019-10-21 09:45:00,1718.06,1728.6000000000001,1709.0900000000001,1712.56,66164700.0
2019-10-21 10:00:00,1713.0,1718.0,1707.0,1717.0000000000002,38096900.0
2019-10-21 10:15:00,1716.6599999999999,1725.62,1716.1100000000001,1721.06,34028800.0
2019-10-21 10:30:00,1721.0,1725.0,1718.0,1722.0,16939600.0
2019-10-21 10:45:00,1722.0,1723.0,1712.5,1713.0,20045200.0
2019-10-21 11:00:00,1713.0,1713.0,1704.0,1704.0,30036600.0
2019-10-21 11:15:00,1704.0,1705.0,1688.0,1688.5000000000002,54995600.0
2019-10-21 11:30:00,1689.04,1691.6399999999999,1683.1299999999999,1684.5400000000002,51809800.0
2019-10-21 11:45:00,1684.0699999999997,1686.62,1676.6100000000001,1678.07,65329700.0
2019-10-21 12:00:00,1678.0,1684.0,1676.0000000000002,1680.0,25009400.0
2019-10-21 12:15:00,1679.5300000000002,1684.46,1677.45,1679.0299999999997,31881200.0
2019-10-21 12:30:00,1679.0,1688.0,1679.0,1687.5,12808400.0
2019-10-21 12:45:00,1688.0700000000002,1692.6200000000001,1686.61,1687.57,13929100.0
2019-10-21 13:00:00,1688.0,1688.0,1684.0,1685.0000000000002,14957300.0
2019-10-21 13:15:00,1686.0,1689.9999999999998,1685.0000000000002,1689.0,19757800.0
2019-10-21 13:30:00,1689.5,1689.9999999999998,1682.9999999999998,1684.0,16543100.0
2019-10-21 13:45:00,1682.9999999999998,1685.0000000000002,1679.0,1679.0,21331300.0
2019-10-21 14:00:00,1679.0,1682.0,1677.0,1680.0,14908200.0
2019-10-21 14:15:00,1679.77,1685.0000000000002,1679.5000000000002,1684.0,17855700.0
2019-10-21 14:30:00,1685.0000000000002,1685.0000000000002,1681.5000000000002,1682.0,14281700.0
2019-10-21 14:45:00,1682.0,1684.0,1680.9999999999998,1680.9999999999998,10478800.0
2019-10-21 15:00:00,1680.9999999999998,1685.0000000000002,1680.9999999999998,1682.9999999999998,14763300.0
2019-10-21 15:15:00,1683.07,1686.61,1681.61,1685.07,19203100.0
2019-10-21 15:30:00,1685.0000000000002,1685.0000000000002,1682.0,1682.5,23542700.0
2019-10-21 15:45:00,1682.9999999999998,1685.0000000000002,1680.9999999999998,1682.5,39307500.0
2019-10-21 16:00:00,1682.9999999999998,1682.9999999999998,1680.0,1682.9999999999998,109165200.0
2019-10-22 09:45:00,1691.03,1699.4700000000003,1684.46,1692.53,60006200.0
2019-10-22 10:00:00,1693.0,1697.0,1687.0,1689.0,28717100.0
2019-10-22 10:15:00,1688.56,1695.57,1684.5600000000002,1694.06,65681200.0
2019-10-22 10:30:00,1693.5400000000002,1695.6399999999999,1689.6399999999999,1690.0400000000002,38751100.0
2019-10-22 10:45:00,1689.9999999999998,1691.0,1680.0,1681.5000000000002,22122400.0
2019-10-22 11:00:00,1682.0,1682.9999999999998,1671.0,1671.0,43492300.0
2019-10-22 11:15:00,1671.53,1675.45,1663.44,1665.0300000000002,42485600.0
2019-10-22 11:30:00,1665.0300000000002,1674.3200000000002,1664.31,1665.53,40022000.0
2019-10-22 11:45:00,1665.5,1666.0,1661.32,1662.0,32400400.0
2019-10-22 12:00:00,1662.0,1663.0,1652.0,1655.0,45621200.0
2019-10-22 12:15:00,1655.0,1655.0,1645.0,1646.52,47057000.0
2019-10-22 12:30:00,1647.0,1650.0,1645.0,1645.4999999999998,27138500.0
2019-10-22 12:45:00,1645.0500000000002,1648.6200000000001,1644.6100000000001,1647.0500000000002,39474900.0
2019-10-22 13:00:00,1647.0,1651.0000000000002,1647.0,1650.0,59860600.0
2019-10-22 13:15:00,1649.5,1655.0,1648.9999999999998,1651.5,34194700.0
2019-10-22 13:30:00,1651.0000000000002,1659.0,1651.0000000000002,1656.5000000000002,34528600.0
2019-10-22 13:45:00,1655.9999999999998,1662.5,1655.5,1659.0,36712600.0
2019-10-22 14:00:00,1659.0,1660.0000000000002,1655.9999999999998,1655.9999999999998,18554100.0
2019-10-22 14:15:00,1656.0500000000002,1657.0,1651.0000000000002,1651.51,20592900.0
2019-10-22 14:30:00,1651.53,1655.43,1648.43,1649.53,40247500.0
2019-10-22 14:45:00,1648.9999999999998,1660.0000000000002,1648.0,1657.5,55083700.0
2019-10-22 15:00:00,1657.9999999999998,1666.0,1657.9999999999998,1659.0,53093900.0
2019-10-22 15:15:00,1659.0,1662.0,1657.9999999999998,1660.0100000000002,33206400.0
2019-10-22 15:30:00,1660.05,1661.62,1658.61,1659.05,32498400.0
2019-10-22 15:45:00,1659.5,1662.0,1659.0,1659.0,55937200.0
2019-10-22 16:00:00,1659.0,1663.0,1659.0,1660.0000000000002,111181400.0
2019-10-23 09:45:00,1678.05,1684.6399999999999,1673.63,1675.05,101144000.0
2019-10-23 10:00:00,1675.0,1687.0,1675.0,1686.0,50958800.0
2019-10-23 10:15:00,1686.0,1689.9999999999998,1684.0900000000001,1685.0000000000002,51293900.0
2019-10-23 10:30:00,1685.0000000000002,1686.0,1677.0,1677.0,36219700.0
2019-10-23 10:45:00,1677.0700000000002,1680.6100000000001,1672.6,1675.07,55080100.0
2019-10-23 11:00:00,1673.9999999999998,1677.0,1663.0,1666.0,59319300.0
2019-10-23 11:15:00,1666.05,1673.13,1665.62,1669.05,24147400.0
2019-10-23 11:30:00,1669.56,1673.5700000000002,1666.5600000000002,1666.72,22442600.0
2019-10-23 11:45:00,1666.05,1670.6399999999999,1664.13,1665.0500000000002,27894000.0
2019-10-23 12:00:00,1664.9999999999998,1667.0000000000002,1663.0,1664.0,17532400.0
2019-10-23 12:15:00,1664.0,1664.9999999999998,1660.0000000000002,1661.0,30975800.0
2019-10-23 12:30:00,1661.0600000000002,1663.54,1657.04,1659.06,24747000.0
2019-10-23 12:45:00,1657.9999999999998,1660.0000000000002,1655.9999999999998,1655.9999999999998,39541200.0
2019-10-23 13:00:00,1655.9999999999998,1655.9999999999998,1650.0,1654.0,36906000.0
2019-10-23 13:15:00,1654.57,1659.5900000000001,1652.58,1657.07,16743500.0
2019-10-23 13:30:00,1657.03,1660.4399999999998,1656.4299999999998,1658.53,17940300.0
2019-10-23 13:45:00,1658.5,1659.0,1652.28,1653.0,18595700.0
2019-10-23 14:00:00,1653.0,1655.0,1652.0,1653.0,20365500.0
2019-10-23 14:15:00,1654.0,1654.0,1652.0,1652.0,22771400.0
2019-10-23 14:30:00,1652.4999999999998,1655.9999999999998,1651.0000000000002,1655.5,44677600.0
2019-10-23 14:45:00,1655.5,1657.9999999999998,1655.0,1657.0,19192600.0
2019-10-23 15:00:00,1657.9999999999998,1657.9999999999998,1655.0,1657.0,21077600.0
2019-10-23 15:15:00,1657.9999999999998,1660.0000000000002,1657.0,1657.9999999999998,21915100.0
2019-10-23 15:30:00,1657.5,1659.0,1655.3899999999999,1655.9999999999998,23696000.0
2019-10-23 15:45:00,1656.0600000000002,1659.5500000000002,1653.55,1653.56,52202700.0
2019-10-23 16:00:00,1653.0,1655.9999999999998,1652.0,1655.9999999999998,117327000.0
2019-10-24 09:45:00,1663.0700000000002,1695.6299999999999,1659.5900000000001,1684.5700000000002,106148800.0
2019-10-24 10:00:00,1682.9999999999998,1694.0000000000002,1677.0,1678.0,70327900.0
2019-10-24 10:15:00,1678.0,1694.0000000000002,1677.0,1691.5,110239300.0
2019-10-24 10:30:00,1692.0000000000002,1698.5,1690.5,1698.0,92622600.0
2019-10-24 10:45:00,1697.5000000000002,1710.0000000000002,1697.0900000000001,1706.23,116822700.0
2019-10-24 11:00:00,1705.9999999999998,1718.0,1705.9999999999998,1713.0,68180800.0
2019-10-24 11:15:00,1713.0700000000002,1720.6499999999999,1706.1399999999999,1710.07,76737000.0
2019-10-24 11:30:00,1710.0000000000002,1712.0,1701.0000000000002,1701.5,48505000.0
2019-10-24 11:45:00,1701.0000000000002,1703.0,1695.0,1700.0,41302200.0
2019-10-24 12:00:00,1700.0,1705.0,1697.0,1705.0,42625400.0
2019-10-24 12:15:00,1705.5,1711.0,1704.0,1709.5,56832800.0
2019-10-24 12:30:00,1710.0000000000002,1713.0,1709.0,1709.5,50142600.0
2019-10-24 12:45:00,1709.5400000000002,1713.66,1702.6499999999999,1703.04,24794600.0
2019-10-24 13:00:00,1703.0,1713.0,1701.0000000000002,1710.0000000000002,38922700.0
2019-10-24 13:15:00,1710.55,1715.68,1707.6699999999998,1712.05,31091100.0
2019-10-24 13:30:00,1712.0,1715.5,1712.0,1714.5,22683100.0
2019-10-24 13:45:00,1714.0,1716.0,1711.4999999999998,1712.5,24979000.0
2019-10-24 14:00:00,1712.0,1720.0,1712.0,1716.0,48355300.0
2019-10-24 14:15:00,1716.5,1718.0,1712.0,1713.0,15375100.0
2019-10-24 14:30:00,1713.0,1720.0,1713.0,1717.5,32367700.0
2019-10-24 14:45:00,1717.56,1719.6100000000001,1714.6100000000001,1715.56,27783000.0
2019-10-24 15:00:00,1714.9999999999998,1716.0,1712.0,1716.0,18628800.0
2019-10-24 15:15:00,1716.0,1719.0000000000002,1714.9999999999998,1717.6,22305800.0
2019-10-24 15:30:00,1718.0,1721.5,1717.5,1719.0000000000002,49284600.0
2019-10-24 15:45:00,1719.0000000000002,1720.0,1714.9999999999998,1716.5,43330800.0
2019-10-24 16:00:00,1717.0000000000002,1719.0000000000002,1714.9999999999998,1718.0,104682600.0
2019-10-25 09:45:00,1755.07,1764.6899999999998,1737.66,1738.57,149110600.0
2019-10-25 10:00:00,1738.0,1750.0,1732.9999999999998,1747.0,78638900.0
2019-10-25 10:15:00,1747.0,1747.0,1739.9999999999998,1740.5,35141400.0
2019-10-25 10:30:00,1739.06,1743.62,1736.8,1737.63,35339900.0
2019-10-25 10:45:00,1738.0,1743.0,1732.0,1735.0000000000002,24747600.0
2019-10-25 11:00:00,1734.0,1738.0,1730.9999999999998,1732.9999999999998,54116800.0
2019-10-25 11:15:00,1733.07,1738.66,1729.66,1730.07,38774400.0
2019-10-25 11:30:00,1730.03,1731.5000000000002,1713.98,1714.03,62635800.0
2019-10-25 11:45:00,1714.0,1725.0,1714.0,1723.9999999999998,58122800.0
2019-10-25 12:00:00,1723.0,1723.0,1705.9999999999998,1709.0,34036300.0
2019-10-25 12:15:00,1708.0500000000002,1716.6799999999998,1707.6699999999998,1709.05,40495100.0
2019-10-25 12:30:00,1708.56,1714.17,1705.6599999999999,1706.67,32023800.0
2019-10-25 12:45:00,1705.9999999999998,1714.0,1705.0,1712.0,23139600.0
2019-10-25 13:00:00,1713.0,1713.0,1705.9999999999998,1705.9999999999998,15602500.0
2019-10-25 13:15:00,1707.0,1711.0,1705.9999999999998,1707.9999999999998,16270300.0
2019-10-25 13:30:00,1707.07,1712.65,1706.1399999999999,1709.0699999999997,6901500.0
2019-10-25 13:45:00,1709.5,1712.0,1707.9999999999998,1709.5,13145200.0
2019-10-25 14:00:00,1710.0000000000002,1712.0,1707.9999999999998,1711.0,11901700.0
2019-10-25 14:15:00,1711.0,1720.0,1710.2799999999997,1714.0,34944800.0
2019-10-25 14:30:00,1713.5000000000002,1720.0,1713.0,1718.0,22873300.0
2019-10-25 14:45:00,1717.5,1718.0,1714.9999999999998,1715.56,14358700.0
2019-10-25 15:00:00,1714.9999999999998,1720.0,1714.0,1719.0000000000002,19369100.0
2019-10-25 15:15:00,1719.5,1722.0,1718.0,1719.0100000000002,22581800.0
2019-10-25 15:30:00,1719.0000000000002,1719.0000000000002,1714.9999999999998,1716.5,13931000.0
2019-10-25 15:45:00,1717.0300000000002,1719.49,1716.49,1717.0300000000002,25043800.0
2019-10-25 16:00:00,1718.0,1722.0,1716.0,1721.0,70953700.0
2019-10-28 09:45:00,1700.04,1704.65,1665.11,1677.04,129955100.0
2019-10-28 10:00:00,1677.0,1686.0,1673.0,1684.0,63868600.0
2019-10-28 10:15:00,1685.0000000000002,1697.0,1684.0,1695.0,51781900.0
2019-10-28 10:30:00,1694.07,1700.6299999999999,1689.1200000000001,1689.5700000000002,29549500.0
2019-10-28 10:45:00,1689.5,1694.5,1688.0,1689.5,32697900.0
2019-10-28 11:00:00,1689.9999999999998,1689.9999999999998,1678.0,1682.0,42246300.0
2019-10-28 11:15:00,1681.54,1685.63,1674.6200000000001,1679.0400000000002,62338400.0
2019-10-28 11:30:00,1679.0,1680.5,1672.0,1672.0,56179100.0
2019-10-28 11:45:00,1672.0,1677.0,1664.9999999999998,1666.0,46168200.0
2019-10-28 12:00:00,1664.9999999999998,1669.0000000000002,1664.9999999999998,1667.0000000000002,27086900.0
2019-10-28 12:15:00,1666.5,1672.0,1666.0,1669.0000000000002,21812500.0
2019-10-28 12:30:00,1669.55,1672.64,1668.6399999999999,1670.0500000000002,36672800.0
2019-10-28 12:45:00,1670.0,1676.0000000000002,1669.0000000000002,1675.3,29618800.0
2019-10-28 13:00:00,1676.0000000000002,1679.0,1673.0,1677.0,26076700.0
2019-10-28 13:15:00,1677.0,1680.0,1676.0000000000002,1679.5000000000002,15815700.0
2019-10-28 13:30:00,1680.0,1684.0,1679.0,1680.9999999999998,21436900.0
2019-10-28 13:45:00,1681.0500000000002,1684.14,1679.6299999999999,1680.05,30281300.0
2019-10-28 14:00:00,1680.0,1680.0,1676.0000000000002,1678.0,19051100.0
2019-10-28 14:15:00,1678.5,1679.0,1673.0,1673.9999999999998,15102300.0
2019-10-28 14:30:00,1673.9999999999998,1675.0,1673.0,1673.36,13447700.0
2019-10-28 14:45:00,1673.5,1675.0,1671.0,1671.5,24478800.0
2019-10-28 15:00:00,1672.0,1673.0,1669.0000000000002,1672.0,25703300.0
2019-10-28 15:15:00,1672.0300000000002,1675.45,1671.95,1673.03,19941700.0
2019-10-28 15:30:00,1673.0,1677.0,1672.0,1677.0,28204700.0
2019-10-28 15:45:00,1677.0,1678.0,1673.9999999999998,1674.5,33027200.0
2019-10-28 16:00:00,1675.0,1676.0000000000002,1670.0,1673.0,99744100.0
2019-10-29 09:45:00,1655.03,1660.81,1648.3,1650.03,144003600.0
2019-10-29 10:00:00,1651.0000000000002,1654.0,1643.0,1653.0,56089300.0
2019-10-29 10:15:00,1653.0,1663.0,1653.0,1659.0,51912000.0
2019-10-29 10:30:00,1659.0,1666.0,1657.9999999999998,1665.5,30759400.0
2019-10-29 10:45:00,1665.8400000000001,1671.55,1658.54,1667.06,40778100.0
2019-10-29 11:00:00,1668.0,1673.0,1666.0,1671.0,24121700.0
2019-10-29 11:15:00,1671.0,1679.0,1670.0,1678.0,37270000.0
2019-10-29 11:30:00,1678.05,1684.6499999999999,1677.6399999999999,1682.5500000000002,31270700.0
2019-10-29 11:45:00,1683.0300000000002,1684.46,1676.4500000000003,1677.03,21685100.0
2019-10-29 12:00:00,1677.0,1680.0,1673.9999999999998,1676.0000000000002,18868400.0
2019-10-29 12:15:00,1676.5,1686.0,1675.0,1684.01,27338000.0
2019-10-29 12:30:00,1685.0000000000002,1686.0,1680.0,1680.0,25765000.0
2019-10-29 12:45:00,1680.05,1682.6399999999999,1676.63,1679.0500000000002,21178600.0
2019-10-29 13:00:00,1679.0,1682.0,1675.0,1676.0000000000002,15919500.0
2019-10-29 13:15:00,1676.0000000000002,1678.0,1675.5,1676.5,11605600.0
2019-10-29 13:30:00,1677.03,1679.6299999999999,1674.6200000000001,1676.04,17127800.0
2019-10-29 13:45:00,1675.07,1678.6100000000001,1673.6100000000001,1676.07,43015900.0
2019-10-29 14:00:00,1676.0000000000002,1684.0,1676.0000000000002,1684.0,23854100.0
2019-10-29 14:15:00,1683.53,1686.46,1683.4599999999998,1683.53,19194300.0
2019-10-29 14:30:00,1684.0,1686.0,1682.0,1682.0,18241400.0
2019-10-29 14:45:00,1682.6699999999998,1687.0,1682.5,1685.5,21318200.0
2019-10-29 15:00:00,1686.0,1687.0,1682.0,1682.9999999999998,18599500.0
2019-10-29 15:15:00,1682.5,1682.9999999999998,1680.5,1680.9999999999998,16739600.0
2019-10-29 15:30:00,1680.56,1682.5800000000002,1678.57,1679.0700000000002,17267800.0
2019-10-29 15:45:00,1679.0500000000002,1681.65,1677.1399999999999,1678.55,34227200.0
2019-10-29 16:00:00,1679.0,1680.0,1675.0,1676.0000000000002,51385400.0
2019-10-30 09:45:00,1678.06,1685.56,1673.05,1680.06,63192400.0
2019-10-30 10:00:00,1679.0,1687.0,1678.0,1686.0,43604700.0
2019-10-30 10:15:00,1685.0000000000002,1695.0,1685.0000000000002,1690.5,39020500.0
2019-10-30 10:30:00,1691.0,1696.0,1689.0,1689.0,30824600.0
2019-10-30 10:45:00,1689.9999999999998,1694.0000000000002,1687.0,1688.5000000000002,29501200.0
2019-10-30 11:00:00,1688.0,1689.0,1677.0,1678.0,35703100.0
2019-10-30 11:15:00,1679.0600000000002,1685.56,1676.56,1684.06,26041000.0
2019-10-30 11:30:00,1684.0,1686.0,1682.0,1682.9999999999998,16141800.0
2019-10-30 11:45:00,1683.5,1689.0,1682.9999999999998,1688.0099999999998,18870200.0
2019-10-30 12:00:00,1689.0,1691.0,1687.0,1691.0,24078200.0
2019-10-30 12:15:00,1690.53,1695.9700000000003,1690.4599999999998,1694.03,32753300.0
2019-10-30 12:30:00,1694.0000000000002,1700.0,1693.4999999999998,1697.99,36696900.0
2019-10-30 12:45:00,1698.0,1700.0,1692.5,1694.0100000000002,18934500.0
2019-10-30 13:00:00,1695.0,1697.0,1692.0000000000002,1693.0,10310900.0
2019-10-30 13:15:00,1693.05,1696.55,1691.6399999999999,1694.05,10458000.0
2019-10-30 13:30:00,1693.0,1693.4999999999998,1691.0,1691.0,10170100.0
2019-10-30 13:45:00,1692.05,1694.66,1688.65,1691.05,18194600.0
2019-10-30 14:00:00,1691.0,1693.0,1689.0,1692.0000000000002,15043300.0
2019-10-30 14:15:00,1691.07,1693.6299999999999,1668.6,1682.07,58030200.0
2019-10-30 14:30:00,1682.0,1686.0,1673.0,1673.9999999999998,40476400.0
2019-10-30 14:45:00,1675.0,1677.0,1655.9999999999998,1664.9999999999998,61023200.0
2019-10-30 15:00:00,1664.9999999999998,1680.0,1664.0,1679.0,72463500.0
2019-10-30 15:15:00,1678.07,1696.6200000000001,1676.6,1688.57,82363000.0
2019-10-30 15:30:00,1689.0,1698.0,1688.0,1696.0,55532800.0
2019-10-30 15:45:00,1697.0400000000002,1701.65,1696.64,1699.0400000000002,64071700.0
2019-10-30 16:00:00,1698.9999999999998,1705.9999999999998,1697.0,1705.9999999999998,117196600.0
2019-10-31 09:45:00,1729.0299999999997,1735.5,1719.49,1728.53,158180900.0
2019-10-31 10:00:00,1728.0,1737.0,1725.0,1735.0000000000002,77207900.0
2019-10-31 10:15:00,1735.0000000000002,1747.0,1735.0000000000002,1747.0,87799700.0
2019-10-31 10:30:00,1747.0500000000002,1749.69,1737.6799999999998,1741.05,61201200.0
2019-10-31 10:45:00,1741.0,1747.0,1735.0000000000002,1736.0,38236800.0
2019-10-31 11:00:00,1736.0,1742.0000000000002,1730.9999999999998,1732.0,29765500.0
2019-10-31 11:15:00,1732.0,1739.0,1732.0,1735.0000000000002,43418400.0
2019-10-31 11:30:00,1734.01,1735.0000000000002,1730.9999999999998,1731.58,32078500.0
2019-10-31 11:45:00,1731.0700000000002,1733.66,1725.15,1728.07,34911600.0
2019-10-31 12:00:00,1728.0,1730.0,1718.0,1721.0,36687800.0
2019-10-31 12:15:00,1720.4999999999998,1722.0,1718.0,1719.5,22480400.0
2019-10-31 12:30:00,1719.0000000000002,1723.5,1718.0,1719.0000000000002,28426400.0
2019-10-31 12:45:00,1719.55,1730.6999999999998,1717.68,1727.0499999999997,44987100.0
2019-10-31 13:00:00,1728.0,1732.9999999999998,1725.0,1732.9999999999998,18834100.0
2019-10-31 13:15:00,1732.9999999999998,1734.0,1725.5,1726.5,25943700.0
2019-10-31 13:30:00,1726.5,1734.0,1725.0,1732.5,18664500.0
2019-10-31 13:45:00,1732.5,1738.0,1732.0,1737.5,24920800.0
2019-10-31 14:00:00,1737.0,1741.0,1736.0,1741.0,35824000.0
2019-10-31 14:15:00,1740.57,1742.67,1734.6599999999999,1735.07,44794400.0
2019-10-31 14:30:00,1735.0000000000002,1739.0,1734.0,1736.4999999999998,19412300.0
2019-10-31 14:45:00,1736.0499999999997,1740.69,1734.6800000000003,1735.05,30969600.0
2019-10-31 15:00:00,1735.0000000000002,1739.9999999999998,1732.9999999999998,1739.9999999999998,27561900.0
2019-10-31 15:15:00,1739.6599999999999,1741.71,1736.7,1738.0600000000002,32284400.0
2019-10-31 15:30:00,1738.5000000000002,1740.5,1738.0,1740.5,42696900.0
2019-10-31 15:45:00,1740.5,1742.0000000000002,1737.0,1738.0,88294100.0
2019-10-31 16:00:00,1738.0,1739.0,1735.0000000000002,1736.0,141387600.0
2019-11-01 09:45:00,1722.0600000000002,1724.61,1703.09,1719.06,78487900.0
2019-11-01 10:00:00,1719.0000000000002,1727.0,1718.0,1721.0,34626500.0
2019-11-01 10:15:00,1721.0,1732.0,1713.0,1713.0,50552800.0
2019-11-01 10:30:00,1713.0500000000002,1717.68,1704.67,1706.0500000000002,120684000.0
2019-11-01 10:45:00,1706.0300000000002,1708.48,1696.47,1697.0300000000002,97450700.0
2019-11-01 11:00:00,1697.0,1701.0000000000002,1697.0,1701.0000000000002,38631800.0
2019-11-01 11:15:00,1700.0,1703.0,1698.9999999999998,1701.0000000000002,38255400.0
2019-11-01 11:30:00,1702.0,1704.0,1700.0,1703.0,21918500.0
2019-11-01 11:45:00,1703.0,1703.5,1700.0,1701.5,24724200.0
2019-11-01 12:00:00,1702.0,1704.0,1701.0000000000002,1704.0,28142500.0
2019-11-01 12:15:00,1704.0600000000002,1705.5800000000002,1699.58,1702.0600000000002,56427600.0
2019-11-01 12:30:00,1702.0,1705.0,1701.0000000000002,1704.0,45141600.0
2019-11-01 12:45:00,1704.0,1705.9999999999998,1702.0,1703.5,31873000.0
2019-11-01 13:00:00,1704.0,1705.0,1698.9999999999998,1700.0,29100100.0
2019-11-01 13:15:00,1700.0,1703.0,1698.0,1698.46,33193000.0
2019-11-01 13:30:00,1699.0300000000002,1700.34,1694.3300000000002,1698.03,35742700.0
2019-11-01 13:45:00,1698.0,1698.9999999999998,1693.0,1694.0000000000002,32275200.0
2019-11-01 14:00:00,1695.0,1697.0,1694.0000000000002,1694.0000000000002,19924500.0
2019-11-01 14:15:00,1694.5,1700.0,1693.0,1698.9999999999998,45709500.0
2019-11-01 14:30:00,1698.5600000000002,1701.59,1695.59,1696.06,30822800.0
2019-11-01 14:45:00,1695.4999999999998,1697.0,1695.0,1695.0,18721500.0
2019-11-01 15:00:00,1695.0,1698.0,1694.0000000000002,1697.0,31562900.0
2019-11-01 15:15:00,1696.5,1698.0,1691.0,1691.5,50708200.0
2019-11-01 15:30:00,1691.5,1698.0,1691.0,1698.0,34716300.0
2019-11-01 15:45:00,1698.0,1701.0000000000002,1698.0,1698.0,50771100.0
2019-11-01 16:00:00,1698.9999999999998,1702.0,1697.0,1702.0,154692200.0
2019-11-04 09:45:00,1692.05,1699.6200000000001,1678.63,1695.0500000000002,102909700.0
2019-11-04 10:00:00,1696.0,1703.0,1686.0,1687.0,69777300.0
2019-11-04 10:15:00,1686.5300000000002,1699.4700000000003,1686.46,1695.0299999999997,55768400.0
2019-11-04 10:30:00,1695.0,1698.0,1689.9999999999998,1689.9999999999998,48916900.0
2019-11-04 10:45:00,1689.9999999999998,1696.0,1689.0,1689.9999999999998,26550600.0
2019-11-04 11:00:00,1689.9999999999998,1694.0000000000002,1689.0,1694.0000000000002,19258100.0
2019-11-04 11:15:00,1694.05,1696.15,1683.64,1684.05,48751500.0
2019-11-04 11:30:00,1683.06,1686.58,1677.5700000000002,1678.06,79950700.0
2019-11-04 11:45:00,1678.55,1683.65,1675.6399999999999,1678.55,42390100.0
2019-11-04 12:00:00,1679.0,1682.9999999999998,1679.0,1682.0,21872500.0
2019-11-04 12:15:00,1681.5000000000002,1685.0000000000002,1680.0,1684.0,16661500.0
2019-11-04 12:30:00,1683.56,1685.06,1679.56,1680.06,24264000.0
2019-11-04 12:45:00,1680.0,1684.0,1679.0,1680.0,22385300.0
2019-11-04 13:00:00,1680.9999999999998,1682.9999999999998,1678.0,1680.0,19145600.0
2019-11-04 13:15:00,1680.0,1680.9999999999998,1678.0,1679.5000000000002,16993900.0
2019-11-04 13:30:00,1679.5000000000002,1680.9999999999998,1677.0,1678.0,24857300.0
2019-11-04 13:45:00,1678.04,1679.6299999999999,1675.62,1677.5400000000002,35975500.0
2019-11-04 14:00:00,1677.0,1678.0,1673.0,1673.9999999999998,28071600.0
2019-11-04 14:15:00,1673.0,1675.0,1669.0000000000002,1669.0000000000002,47865900.0
2019-11-04 14:30:00,1669.85,1671.6200000000001,1667.6200000000001,1669.05,30731600.0
2019-11-04 14:45:00,1668.4999999999998,1673.0,1668.0,1670.0,23996300.0
2019-11-04 15:00:00,1670.0,1671.0,1668.0,1671.0,44561600.0
2019-11-04 15:15:00,1671.0,1672.0,1667.0000000000002,1667.0000000000002,42498500.0
2019-11-04 15:30:00,1666.5700000000002,1670.61,1664.1,1668.0700000000002,56653600.0
2019-11-04 15:45:00,1668.0,1670.0,1665.5,1666.0,80912700.0
2019-11-04 16:00:00,1667.0000000000002,1668.0,1664.0,1664.9999999999998,150293500.0
2019-11-05 09:45:00,1634.0699999999997,1652.59,1633.57,1647.57,160393000.0
2019-11-05 10:00:00,1648.0,1657.0,1644.0000000000002,1647.0,83090500.0
2019-11-05 10:15:00,1647.0500000000002,1648.6000000000001,1619.57,1630.05,162307700.0
2019-11-05 10:30:00,1630.06,1640.54,1629.5300000000002,1635.56,79422400.0
2019-11-05 10:45:00,1635.05,1640.11,1633.6,1638.0500000000002,79050200.0
2019-11-05 11:00:00,1638.0,1641.0,1636.0,1638.0,63413800.0
2019-11-05 11:15:00,1637.07,1641.5800000000002,1636.57,1638.57,124807000.0
2019-11-05 11:30:00,1638.56,1645.5300000000002,1638.0199999999998,1642.06,106190300.0
2019-11-05 11:45:00,1643.0,1646.0,1639.0,1639.0,67754900.0
2019-11-05 12:00:00,1639.0,1648.9999999999998,1638.0,1643.0,105516700.0
2019-11-05 12:15:00,1643.0700000000002,1649.58,1641.5700000000002,1643.5700000000002,56305100.0
2019-11-05 12:30:00,1643.5300000000002,1648.43,1642.4199999999998,1646.03,49138800.0
2019-11-05 12:45:00,1646.5,1651.5,1646.0,1649.5,23087300.0
2019-11-05 13:00:00,1650.0,1654.0,1647.0,1651.0000000000002,28074300.0
2019-11-05 13:15:00,1651.05,1653.6200000000001,1647.61,1650.5500000000002,29723600.0
2019-11-05 13:30:00,1651.0000000000002,1652.4999999999998,1648.0,1648.9999999999998,22336900.0
2019-11-05 13:45:00,1648.5,1651.0000000000002,1648.0,1650.0,27222500.0
2019-11-05 14:00:00,1651.0000000000002,1652.0,1647.0,1650.0,27206700.0
2019-11-05 14:15:00,1650.0,1657.0,1650.0,1652.0,18837100.0
2019-11-05 14:30:00,1652.4999999999998,1654.5000000000002,1651.0000000000002,1652.4999999999998,31234900.0
2019-11-05 14:45:00,1652.3700000000001,1657.9999999999998,1652.0,1657.5,22336100.0
2019-11-05 15:00:00,1657.0,1659.0,1655.9999999999998,1657.0,27661300.0
2019-11-05 15:15:00,1657.9999999999998,1659.0,1655.0,1655.0,24254600.0
2019-11-05 15:30:00,1655.0,1657.0,1653.0,1653.0,69966500.0
2019-11-05 15:45:00,1653.5,1657.0,1652.0,1652.4999999999998,71839900.0
2019-11-05 16:00:00,1653.0,1655.9999999999998,1651.0000000000002,1654.0,183695500.0
2019-11-06 09:45:00,1689.07,1716.6399999999999,1679.61,1699.07,200439700.0
2019-11-06 10:00:00,1698.0,1698.0,1680.9999999999998,1692.0000000000002,89018700.0
2019-11-06 10:15:00,1692.07,1694.63,1681.62,1691.5700000000002,42239800.0
2019-11-06 10:30:00,1692.06,1696.5699999999997,1691.5700000000002,1694.06,37907900.0
2019-11-06 10:45:00,1694.0000000000002,1704.0,1689.0,1689.2800000000002,54638500.0
2019-11-06 11:00:00,1689.9999999999998,1702.0,1688.0,1696.0,52271400.0
2019-11-06 11:15:00,1696.07,1704.1299999999999,1694.6200000000001,1702.5700000000002,29741700.0
2019-11-06 11:30:00,1702.5300000000002,1704.4699999999998,1694.97,1699.53,55296500.0
2019-11-06 11:45:00,1700.04,1703.65,1694.64,1699.54,38958900.0
2019-11-06 12:00:00,1698.9999999999998,1712.0,1698.0,1705.9999999999998,78872300.0
2019-11-06 12:15:00,1705.55,1717.68,1702.67,1715.0500000000002,67359700.0
2019-11-06 12:30:00,1716.06,1717.67,1713.67,1714.06,34183500.0
2019-11-06 12:45:00,1714.03,1716.35,1706.3400000000001,1707.03,29384400.0
2019-11-06 13:00:00,1707.0,1707.9999999999998,1703.0,1703.0,17878000.0
2019-11-06 13:15:00,1703.0,1704.0,1698.9999999999998,1698.9999999999998,43763500.0
2019-11-06 13:30:00,1699.07,1704.6399999999999,1696.63,1699.57,27196000.0
2019-11-06 13:45:00,1699.5,1700.5,1695.0,1696.5,18384500.0
2019-11-06 14:00:00,1697.0,1700.0,1691.0,1694.0000000000002,22126200.0
2019-11-06 14:15:00,1694.0000000000002,1698.0,1692.66,1696.0,23083200.0
2019-11-06 14:30:00,1696.07,1698.63,1695.62,1696.07,18510700.0
2019-11-06 14:45:00,1696.0,1697.0,1694.0000000000002,1694.0000000000002,13616500.0
2019-11-06 15:00:00,1695.0,1695.0,1691.0,1694.0000000000002,13855900.0
2019-11-06 15:15:00,1694.03,1695.8300000000002,1690.3300000000002,1691.03,20019500.0
2019-11-06 15:30:00,1692.0000000000002,1698.0,1691.0,1696.5,28198100.0
2019-11-06 15:45:00,1696.53,1698.47,1688.4599999999998,1689.53,52257200.0
2019-11-06 16:00:00,1689.9999999999998,1697.0,1687.0,1692.0000000000002,148547700.0
2019-11-07 09:45:00,1687.05,1688.65,1665.63,1671.05,126973100.0
2019-11-07 10:00:00,1671.0,1676.0000000000002,1666.0,1669.0000000000002,48554100.0
2019-11-07 10:15:00,1668.0,1669.99,1657.9999999999998,1657.9999999999998,68147600.0
2019-11-07 10:30:00,1658.0300000000002,1662.44,1653.4300000000003,1654.0299999999997,52672600.0
2019-11-07 10:45:00,1653.0,1653.0,1639.9999999999998,1639.9999999999998,114396800.0
2019-11-07 11:00:00,1639.9999999999998,1642.0000000000002,1629.0,1638.0,116247700.0
2019-11-07 11:15:00,1637.05,1644.6100000000001,1635.6000000000001,1639.5499999999997,56638700.0
2019-11-07 11:30:00,1639.05,1641.1000000000001,1634.5900000000001,1635.05,50641200.0
2019-11-07 11:45:00,1635.0000000000002,1638.0,1627.0,1628.0,48808900.0
2019-11-07 12:00:00,1628.0,1639.0,1628.0,1634.0,33838400.0
2019-11-07 12:15:00,1634.0,1641.0,1630.9999999999998,1630.9999999999998,48953600.0
2019-11-07 12:30:00,1630.5,1635.0000000000002,1630.0,1630.0,41137000.0
2019-11-07 12:45:00,1630.56,1633.53,1623.52,1624.56,59157100.0
2019-11-07 13:00:00,1625.0,1626.0000000000002,1622.0,1623.0,35779500.0
2019-11-07 13:15:00,1623.04,1630.5800000000002,1621.5699999999997,1625.04,35462300.0
2019-11-07 13:30:00,1625.07,1630.56,1624.55,1627.5700000000002,29955400.0
2019-11-07 13:45:00,1627.4999999999998,1629.0,1626.0000000000002,1626.5,19941200.0
2019-11-07 14:00:00,1627.0,1630.0,1626.0000000000002,1629.0,25431500.0
2019-11-07 14:15:00,1628.5,1630.0,1627.0,1627.0,24462200.0
2019-11-07 14:30:00,1627.0,1630.9999999999998,1627.0,1629.5000000000002,33060400.0
2019-11-07 14:45:00,1629.5000000000002,1642.0000000000002,1629.0,1639.9999999999998,68062100.0
2019-11-07 15:00:00,1639.9999999999998,1643.0,1634.0,1637.0,59886600.0
2019-11-07 15:15:00,1637.06,1640.54,1636.5300000000002,1637.56,25253300.0
2019-11-07 15:30:00,1637.0,1642.0000000000002,1637.0,1639.9999999999998,40770900.0
2019-11-07 15:45:00,1639.9999999999998,1641.0,1635.0000000000002,1636.4999999999998,55645900.0
2019-11-07 16:00:00,1637.0,1638.0,1634.0,1635.0000000000002,156834500.0
2019-11-08 09:45:00,1623.0,1636.0,1614.9999999999998,1627.0,201069600.0
2019-11-08 10:00:00,1626.0000000000002,1630.9999999999998,1613.0,1630.0,96835800.0
2019-11-08 10:15:00,1630.05,1646.47,1627.6,1634.05,138673200.0
2019-11-08 10:30:00,1634.5500000000002,1646.6000000000001,1633.59,1644.45,103444000.0
2019-11-08 10:45:00,1645.02,1654.3,1643.79,1645.5300000000002,68111300.0
2019-11-08 11:00:00,1645.0,1648.0,1639.0,1644.0000000000002,35075600.0
2019-11-08 11:15:00,1645.0,1648.9999999999998,1643.0,1646.0,48295500.0
2019-11-08 11:30:00,1645.0,1652.0,1645.0,1646.0,46944800.0
2019-11-08 11:45:00,1646.0,1651.0000000000002,1643.0,1643.4999999999998,46539800.0
2019-11-08 12:00:00,1639.0,1643.0,1639.0,1643.0,49314300.0
2019-11-08 12:15:00,1642.5,1645.0,1636.0,1636.4999999999998,34575200.0
2019-11-08 12:30:00,1636.0700000000002,1640.57,1635.57,1639.07,60701600.0
2019-11-08 12:45:00,1639.0,1646.0,1638.0,1643.4999999999998,37992000.0
2019-11-08 13:00:00,1643.0,1648.9999999999998,1643.0,1648.9999999999998,17997000.0
2019-11-08 13:15:00,1648.5,1650.0,1644.5,1645.1000000000001,13845900.0
2019-11-08 13:30:00,1645.0,1645.4999999999998,1639.9999999999998,1640.3,20846000.0
2019-11-08 13:45:00,1640.5,1646.0,1639.5,1645.4999999999998,28668400.0
2019-11-08 14:00:00,1646.0,1646.0,1643.0,1645.0,22685900.0
2019-11-08 14:15:00,1644.52,1646.54,1641.5400000000002,1642.06,11479800.0
2019-11-08 14:30:00,1642.0000000000002,1644.0000000000002,1639.0,1639.0,17877300.0
2019-11-08 14:45:00,1638.0,1639.0,1637.0,1638.5000000000002,15695900.0
2019-11-08 15:00:00,1639.0,1642.0000000000002,1638.0,1639.9999999999998,20487200.0
2019-11-08 15:15:00,1639.9999999999998,1642.0000000000002,1639.0,1639.9999999999998,13989400.0
2019-11-08 15:30:00,1639.5,1641.0,1638.0,1638.0,31870800.0
2019-11-08 15:45:00,1638.0,1641.0,1635.0000000000002,1635.0000000000002,64202700.0
2019-11-08 16:00:00,1636.0,1638.0,1634.0,1636.0,111153100.0
2019-11-11 09:45:00,1634.06,1652.5300000000002,1633.52,1649.56,90730100.0
2019-11-11 10:00:00,1648.9999999999998,1651.0000000000002,1646.0,1648.0,28958000.0
2019-11-11 10:15:00,1647.56,1649.54,1637.53,1639.5600000000002,36549100.0
2019-11-11 10:30:00,1639.9999999999998,1642.0000000000002,1637.0,1638.0,19937100.0
2019-11-11 10:45:00,1638.0,1647.0,1637.0,1647.0,37017600.0
2019-11-11 11:00:00,1647.0,1648.0,1639.0,1639.9999999999998,33019900.0
2019-11-11 11:15:00,1639.9999999999998,1650.5,1639.5,1647.5000000000002,44264600.0
2019-11-11 11:30:00,1647.5000000000002,1656.5000000000002,1647.0,1651.0000000000002,45948700.0
2019-11-11 11:45:00,1650.5,1653.0,1646.0,1647.5000000000002,32041300.0
2019-11-11 12:00:00,1648.0,1651.0000000000002,1646.0,1648.0,30526300.0
2019-11-11 12:15:00,1648.03,1649.4299999999998,1645.9199999999998,1648.03,23933400.0
2019-11-11 12:30:00,1647.53,1649.3,1643.29,1645.5300000000002,20345400.0
2019-11-11 12:45:00,1645.4999999999998,1652.0,1645.0,1648.9999999999998,19101000.0
2019-11-11 13:00:00,1648.0,1650.0,1647.0,1648.0,7373300.0
2019-11-11 13:15:00,1647.5000000000002,1650.0,1647.0,1647.5000000000002,10168000.0
2019-11-11 13:30:00,1647.56,1651.05,1647.54,1648.6599999999999,11779300.0
2019-11-11 13:45:00,1648.9999999999998,1650.0,1647.5000000000002,1649.5,12684800.0
2019-11-11 14:00:00,1648.9999999999998,1651.0000000000002,1648.0,1648.0,14532000.0
2019-11-11 14:15:00,1648.0,1648.9999999999998,1643.4999999999998,1645.0,22820100.0
2019-11-11 14:30:00,1645.0,1646.0,1642.5,1642.5,11867900.0
2019-11-11 14:45:00,1643.0,1645.0,1643.0,1644.0000000000002,24056500.0
2019-11-11 15:00:00,1643.0,1645.0,1639.9999999999998,1644.0000000000002,26489100.0
2019-11-11 15:15:00,1643.0,1647.0,1642.0000000000002,1642.0000000000002,24065200.0
2019-11-11 15:30:00,1642.0000000000002,1643.0,1639.0,1639.0,31672800.0
2019-11-11 15:45:00,1639.04,1641.84,1638.59,1639.54,43414000.0
2019-11-11 16:00:00,1639.9999999999998,1643.0,1638.0,1638.0,93155800.0
2019-11-12 09:45:00,1635.03,1651.0000000000002,1632.9999999999998,1634.0,71266800.0
2019-11-12 10:00:00,1632.9999999999998,1634.0,1626.0000000000002,1630.9999999999998,39570700.0
2019-11-12 10:15:00,1630.06,1636.5200000000002,1629.5100000000002,1629.56,38121600.0
2019-11-12 10:30:00,1629.0400000000002,1630.5800000000002,1623.5700000000002,1626.54,40491400.0
2019-11-12 10:45:00,1626.57,1628.57,1608.0500000000002,1608.07,67433200.0
2019-11-12 11:00:00,1607.9999999999998,1617.0000000000002,1607.0,1616.0,100844100.0
2019-11-12 11:15:00,1616.0,1616.0,1607.9999999999998,1608.3999999999999,45934800.0
2019-11-12 11:30:00,1607.9999999999998,1614.0,1607.9999999999998,1611.0,35964600.0
2019-11-12 11:45:00,1611.9,1616.0,1611.0,1614.0,30478400.0
2019-11-12 12:00:00,1614.9999999999998,1623.9999999999998,1614.0,1621.0,53488700.0
2019-11-12 12:15:00,1621.0,1623.9999999999998,1620.0,1620.0,31298400.0
2019-11-12 12:30:00,1621.0,1623.5,1620.0,1623.0,17546100.0
2019-11-12 12:45:00,1623.0,1627.0,1623.0,1627.0,12511600.0
2019-11-12 13:00:00,1627.0,1629.0,1621.0,1629.0,19954300.0
2019-11-12 13:15:00,1628.0,1634.5,1627.0,1630.9999999999998,25972400.0
2019-11-12 13:30:00,1630.9999999999998,1632.0,1628.0,1629.0,20651600.0
2019-11-12 13:45:00,1628.99,1632.0,1628.99,1632.0,50768100.0
2019-11-12 14:00:00,1630.9999999999998,1634.0,1629.0,1630.0,27529100.0
2019-11-12 14:15:00,1629.0,1635.0000000000002,1629.0,1634.0,18664300.0
2019-11-12 14:30:00,1635.0000000000002,1645.0,1634.0,1642.0000000000002,70278400.0
2019-11-12 14:45:00,1642.0000000000002,1647.0,1642.0000000000002,1645.0,34092300.0
2019-11-12 15:00:00,1645.0,1646.0,1642.0000000000002,1645.0,32402200.0
2019-11-12 15:15:00,1644.0000000000002,1645.0,1638.0,1639.0,36492900.0
2019-11-12 15:30:00,1639.0,1641.0,1636.23,1637.5,38587800.0
2019-11-12 15:45:00,1637.53,1643.29,1637.09,1641.5299999999997,37057000.0
2019-11-12 16:00:00,1641.0,1646.0,1639.9999999999998,1644.0000000000002,118092800.0
2019-11-13 09:45:00,1660.0000000000002,1678.0,1660.0000000000002,1667.0000000000002,152346300.0
2019-11-13 10:00:00,1667.0000000000002,1671.0,1661.0,1664.0,74076400.0
2019-11-13 10:15:00,1664.5,1671.0,1664.0,1669.0000000000002,59456600.0
2019-11-13 10:30:00,1669.03,1674.3200000000002,1665.31,1670.5300000000002,32936700.0
2019-11-13 10:45:00,1671.0,1680.9999999999998,1670.0,1674.5,72637900.0
2019-11-13 11:00:00,1673.9999999999998,1675.0,1668.0,1673.9999999999998,41357100.0
2019-11-13 11:15:00,1673.5,1677.0,1671.5,1672.0,46459800.0
2019-11-13 11:30:00,1672.0600000000002,1673.5700000000002,1664.5600000000002,1667.06,35705700.0
2019-11-13 11:45:00,1667.7900000000002,1668.62,1661.0,1661.0,27168800.0
2019-11-13 12:00:00,1661.0,1666.0,1660.0000000000002,1666.0,21269400.0
2019-11-13 12:15:00,1666.07,1673.6100000000001,1664.6000000000001,1671.5699999999997,20016500.0
2019-11-13 12:30:00,1671.56,1676.56,1671.55,1674.95,19115800.0
2019-11-13 12:45:00,1675.0,1678.0,1673.0,1673.0,21781100.0
2019-11-13 13:00:00,1672.0,1675.0,1669.0000000000002,1672.0,34703400.0
2019-11-13 13:15:00,1672.0700000000002,1674.6,1671.6000000000001,1672.0700000000002,10502900.0
2019-11-13 13:30:00,1672.5000000000002,1675.5,1672.0,1673.9999999999998,16865400.0
2019-11-13 13:45:00,1673.9999999999998,1675.0,1668.3,1669.5,20399800.0
2019-11-13 14:00:00,1669.0000000000002,1670.0,1664.9999999999998,1670.0,43402700.0
2019-11-13 14:15:00,1670.0,1679.0,1669.0000000000002,1674.5,64893600.0
2019-11-13 14:30:00,1675.05,1679.6299999999999,1672.6299999999999,1676.05,38237700.0
2019-11-13 14:45:00,1676.0000000000002,1677.0,1670.0,1670.0,19505100.0
2019-11-13 15:00:00,1670.0,1671.0,1669.0000000000002,1670.0,24486100.0
2019-11-13 15:15:00,1669.0000000000002,1672.0,1669.0000000000002,1670.0,27224000.0
2019-11-13 15:30:00,1669.5,1671.0,1669.0000000000002,1670.0,26277400.0
2019-11-13 15:45:00,1670.0600000000002,1672.0700000000002,1668.5600000000002,1670.0600000000002,42610700.0
2019-11-13 16:00:00,1670.0,1670.0,1663.0,1664.9999999999998,184470200.0
2019-11-14 09:45:00,1674.07,1686.62,1670.61,1683.07,65306100.0
2019-11-14 10:00:00,1682.9999999999998,1685.0000000000002,1678.0,1682.0,53447700.0
2019-11-14 10:15:00,1682.5500000000002,1684.6399999999999,1674.63,1677.0499999999997,35769400.0
2019-11-14 10:30:00,1677.0,1677.0,1672.0,1673.0,32373500.0
2019-11-14 10:45:00,1673.05,1675.14,1665.63,1666.05,45989900.0
2019-11-14 11:00:00,1666.0,1672.0,1661.0,1670.0,44750800.0
2019-11-14 11:15:00,1670.4999999999998,1675.0,1669.0000000000002,1671.5,41773300.0
2019-11-14 11:30:00,1672.0600000000002,1675.5600000000002,1669.55,1670.56,21748100.0
2019-11-14 11:45:00,1671.0,1675.0,1668.0,1673.9999999999998,22842000.0
2019-11-14 12:00:00,1673.9999999999998,1676.0000000000002,1672.0,1675.0,42804500.0
2019-11-14 12:15:00,1675.0,1676.0000000000002,1672.0,1673.5,15601800.0
2019-11-14 12:30:00,1673.5,1673.5,1668.0,1668.4999999999998,17583300.0
2019-11-14 12:45:00,1668.04,1671.6200000000001,1664.6100000000001,1665.0400000000002,38527700.0
2019-11-14 13:00:00,1664.9999999999998,1668.0,1664.9999999999998,1666.0,12784100.0
2019-11-14 13:15:00,1666.05,1668.6399999999999,1665.1299999999999,1666.05,14721000.0
2019-11-14 13:30:00,1666.0,1669.0000000000002,1665.5,1666.0,9490000.0
2019-11-14 13:45:00,1667.0000000000002,1668.0,1666.0,1667.5,17556400.0
2019-11-14 14:00:00,1667.0000000000002,1670.0,1664.9999999999998,1667.0000000000002,15585000.0
2019-11-14 14:15:00,1667.0000000000002,1672.0,1666.0,1669.0000000000002,22283200.0
2019-11-14 14:30:00,1669.5,1670.0,1667.0000000000002,1668.4999999999998,11559400.0
2019-11-14 14:45:00,1668.82,1670.0,1666.0,1666.5,23134100.0
2019-11-14 15:00:00,1667.0000000000002,1667.0000000000002,1663.0,1664.0,19163300.0
2019-11-14 15:15:00,1664.0,1667.0000000000002,1663.0,1666.0,12357700.0
2019-11-14 15:30:00,1666.0,1669.0000000000002,1665.5,1666.0,17574900.0
2019-11-14 15:45:00,1665.56,1668.5500000000002,1664.54,1665.0600000000002,19711700.0
2019-11-14 16:00:00,1664.9999999999998,1668.0,1664.9999999999998,1666.0,87524400.0
2019-11-15 09:45:00,1659.0699999999997,1661.59,1651.58,1655.5700000000002,65987800.0
2019-11-15 10:00:00,1655.0,1664.5,1654.0,1662.0,45317100.0
2019-11-15 10:15:00,1662.0,1669.0000000000002,1661.0,1664.9999999999998,51274500.0
2019-11-15 10:30:00,1665.0600000000002,1670.99,1663.0,1669.06,46115500.0
2019-11-15 10:45:00,1669.0000000000002,1671.0,1664.9999999999998,1668.0,34338400.0
2019-11-15 11:00:00,1668.0,1672.0,1666.5,1672.0,23702600.0
2019-11-15 11:15:00,1672.0,1672.0,1666.0,1666.0,32326800.0
2019-11-15 11:30:00,1666.03,1668.44,1659.44,1663.0299999999997,33300000.0
2019-11-15 11:45:00,1663.0400000000002,1664.0,1661.4999999999998,1662.04,36694600.0
2019-11-15 12:00:00,1662.0,1664.0,1661.0,1662.0,23532100.0
2019-11-15 12:15:00,1661.4999999999998,1662.0,1660.0000000000002,1661.0,16752100.0
2019-11-15 12:30:00,1661.0499999999997,1662.6200000000001,1658.61,1659.05,17661400.0
2019-11-15 12:45:00,1659.0,1659.5,1656.5000000000002,1656.5000000000002,12953800.0
2019-11-15 13:00:00,1657.0,1658.0100000000002,1655.9999999999998,1657.0,11953700.0
2019-11-15 13:15:00,1657.0,1657.9999999999998,1655.9999999999998,1655.9999999999998,8367200.0
2019-11-15 13:30:00,1656.57,1658.09,1654.59,1655.07,24504600.0
2019-11-15 13:45:00,1655.0,1657.8,1654.5000000000002,1655.0,16196600.0
2019-11-15 14:00:00,1655.0,1655.0,1653.0,1655.0,13523600.0
2019-11-15 14:15:00,1654.5000000000002,1654.5000000000002,1650.0,1651.5,18950900.0
2019-11-15 14:30:00,1651.5,1652.0,1650.0,1650.5,16573500.0
2019-11-15 14:45:00,1651.0000000000002,1651.5,1650.0,1650.5,11366500.0
2019-11-15 15:00:00,1651.0000000000002,1652.0,1651.0000000000002,1652.0,11819400.0
2019-11-15 15:15:00,1651.5,1653.0,1651.0000000000002,1653.0,10345200.0
2019-11-15 15:30:00,1653.0,1655.9999999999998,1652.0,1654.5000000000002,24371300.0
2019-11-15 15:45:00,1654.5300000000002,1658.4299999999998,1654.43,1656.0300000000002,39445900.0
2019-11-15 16:00:00,1657.0,1657.9999999999998,1655.9999999999998,1657.0,122542100.0
2019-11-18 09:45:00,1655.04,1692.64,1652.6,1687.54,120224700.0
2019-11-18 10:00:00,1687.0,1688.0,1667.0000000000002,1667.0000000000002,58086600.0
2019-11-18 10:15:00,1667.0000000000002,1669.0000000000002,1660.0000000000002,1669.0000000000002,72637000.0
2019-11-18 10:30:00,1669.0000000000002,1687.0,1668.4999999999998,1687.0,72055500.0
2019-11-18 10:45:00,1686.56,1688.58,1677.0700000000002,1679.0600000000002,59379400.0
2019-11-18 11:00:00,1680.0,1684.0,1679.5000000000002,1684.0,34728300.0
2019-11-18 11:15:00,1683.0400000000002,1691.5,1680.9999999999998,1691.04,63126900.0
2019-11-18 11:30:00,1691.0,1695.4999999999998,1689.9999999999998,1695.4999999999998,58958800.0
2019-11-18 11:45:00,1695.4999999999998,1697.0,1693.0,1693.0,53636600.0
2019-11-18 12:00:00,1693.0,1693.4999999999998,1689.5,1692.0000000000002,21379400.0
2019-11-18 12:15:00,1693.5300000000002,1694.0000000000002,1688.0,1693.03,25855500.0
2019-11-18 12:30:00,1693.05,1693.4999999999998,1691.5,1692.55,18041700.0
2019-11-18 12:45:00,1692.0300000000002,1693.9699999999998,1686.46,1686.9299999999998,24159300.0
2019-11-18 13:00:00,1687.0,1694.0000000000002,1685.0000000000002,1693.0,36794200.0
2019-11-18 13:15:00,1692.3999999999999,1693.0,1688.0,1688.0,24178100.0
2019-11-18 13:30:00,1689.0,1691.0,1685.0000000000002,1687.0,30638700.0
2019-11-18 13:45:00,1687.05,1691.0,1685.5,1690.55,12230100.0
2019-11-18 14:00:00,1691.0,1691.0,1685.5,1687.0,11626700.0
2019-11-18 14:15:00,1687.06,1688.0,1685.0000000000002,1686.56,30452800.0
2019-11-18 14:30:00,1686.0,1686.4999999999998,1683.5,1684.5,15066700.0
2019-11-18 14:45:00,1684.5,1686.0,1684.0,1684.5,15167100.0
2019-11-18 15:00:00,1684.0,1687.0,1684.0,1686.0,13950100.0
2019-11-18 15:15:00,1685.0000000000002,1688.0,1685.0000000000002,1687.5,27152000.0
2019-11-18 15:30:00,1687.5,1689.9999999999998,1687.0,1687.5,45130500.0
2019-11-18 15:45:00,1688.0,1688.0,1685.0000000000002,1686.4999999999998,43085300.0
2019-11-18 16:00:00,1686.0,1692.0000000000002,1686.0,1689.0,116187300.0
2019-11-19 09:45:00,1680.9999999999998,1689.9999999999998,1680.0,1686.0,63923700.0
2019-11-19 10:00:00,1686.0,1689.0,1680.9999999999998,1680.9999999999998,22822500.0
2019-11-19 10:15:00,1680.9999999999998,1693.0,1680.0,1689.0,40411100.0
2019-11-19 10:30:00,1689.07,1693.0,1689.0,1692.07,27637100.0
2019-11-19 10:45:00,1692.0000000000002,1698.0,1691.0,1693.4999999999998,21416700.0
2019-11-19 11:00:00,1694.0000000000002,1712.0,1694.0000000000002,1709.0,109408300.0
2019-11-19 11:15:00,1710.03,1714.0,1707.3,1708.0300000000002,38444700.0
2019-11-19 11:30:00,1708.0500000000002,1713.68,1707.6699999999998,1712.05,36286400.0
2019-11-19 11:45:00,1712.03,1714.48,1702.47,1705.03,91379300.0
2019-11-19 12:00:00,1705.0,1705.9999999999998,1701.57,1704.0,16479000.0
2019-11-19 12:15:00,1701.5,1702.0,1699.3,1699.3,26750800.0
2019-11-19 12:30:00,1699.5,1704.0,1699.5,1702.0,21865300.0
2019-11-19 12:45:00,1702.4999999999998,1705.9999999999998,1701.0200000000002,1705.0,15638800.0
2019-11-19 13:00:00,1705.0,1705.9999999999998,1702.4999999999998,1705.9999999999998,16215100.0
2019-11-19 13:15:00,1705.9999999999998,1707.0,1702.4999999999998,1703.65,12069800.0
2019-11-19 13:30:00,1703.54,1705.0,1702.0,1704.0400000000002,12547300.0
2019-11-19 13:45:00,1704.0,1707.9999999999998,1704.0,1707.5,12316500.0
2019-11-19 14:00:00,1707.9999999999998,1709.0,1707.0,1709.0,23099100.0
2019-11-19 14:15:00,1709.0,1711.0,1709.0,1710.0000000000002,16575900.0
2019-11-19 14:30:00,1710.0000000000002,1712.0,1709.36,1711.67,15226200.0
2019-11-19 14:45:00,1711.0,1711.4999999999998,1709.5,1710.5,10274600.0
2019-11-19 15:00:00,1711.0,1712.0,1710.0000000000002,1711.0,17093600.0
2019-11-19 15:15:00,1711.0,1711.4999999999998,1703.5,1704.5000000000002,20528500.0
2019-11-19 15:30:00,1704.56,1706.6,1700.5900000000001,1702.0600000000002,43434000.0
2019-11-19 15:45:00,1702.0499999999997,1705.6699999999998,1698.6599999999999,1703.55,57092900.0
2019-11-19 16:00:00,1704.0,1705.0,1702.4999999999998,1705.0,115722200.0
2019-11-20 09:45:00,1705.06,1712.5,1702.4999999999998,1708.56,82839300.0
2019-11-20 10:00:00,1707.9999999999998,1718.14,1705.9999999999998,1718.0,92014900.0
2019-11-20 10:15:00,1718.25,1720.61,1711.6,1714.5600000000002,35082800.0
2019-11-20 10:30:00,1714.5,1721.0,1714.5,1718.4999999999998,64523600.0
2019-11-20 10:45:00,1718.06,1720.1699999999998,1702.6599999999999,1705.56,77420900.0
2019-11-20 11:00:00,1705.9999999999998,1705.9999999999998,1696.0,1701.0000000000002,58045500.0
2019-11-20 11:15:00,1701.06,1702.6599999999999,1699.5,1701.07,34541000.0
2019-11-20 11:30:00,1701.54,1703.65,1697.64,1698.54,27944000.0
2019-11-20 11:45:00,1698.5700000000002,1702.6399999999999,1696.63,1700.07,20623800.0
2019-11-20 12:00:00,1701.0000000000002,1701.0000000000002,1694.0000000000002,1697.0,16982100.0
2019-11-20 12:15:00,1696.4099999999999,1696.5,1689.9999999999998,1691.0,35154600.0
2019-11-20 12:30:00,1691.0,1692.0000000000002,1684.0,1684.5,26265800.0
2019-11-20 12:45:00,1684.0699999999997,1686.0,1680.9999999999998,1683.07,21955300.0
2019-11-20 13:00:00,1682.9999999999998,1693.5099999999998,1682.9999999999998,1689.9999999999998,35846400.0
2019-11-20 13:15:00,1691.05,1701.65,1689.6399999999999,1699.0500000000002,24594700.0
2019-11-20 13:30:00,1699.06,1703.0,1698.9999999999998,1700.5800000000002,29923300.0
2019-11-20 13:45:00,1700.05,1705.0,1698.5,1700.5500000000002,30547400.0
2019-11-20 14:00:00,1701.0000000000002,1701.0000000000002,1691.0,1691.0,34536100.0
2019-11-20 14:15:00,1691.0,1698.0,1691.0,1698.0,29632200.0
2019-11-20 14:30:00,1697.0600000000002,1698.5800000000002,1693.5700000000002,1695.0600000000002,15201300.0
2019-11-20 14:45:00,1695.0,1695.4999999999998,1693.0,1694.0000000000002,17684000.0
2019-11-20 15:00:00,1693.0,1700.0,1693.0,1697.0,25193800.0
2019-11-20 15:15:00,1697.0700000000002,1698.0,1694.0000000000002,1696.5699999999997,11884100.0
2019-11-20 15:30:00,1696.53,1700.47,1696.47,1698.53,19520900.0
2019-11-20 15:45:00,1698.0,1698.3,1697.5000000000002,1698.0,36997800.0
2019-11-20 16:00:00,1698.0,1701.0000000000002,1696.5,1701.0000000000002,83645600.0
2019-11-21 09:45:00,1703.03,1710.0000000000002,1695.0,1699.0300000000002,69054600.0
2019-11-21 10:00:00,1698.9999999999998,1698.9999999999998,1687.0,1689.0,39099500.0
2019-11-21 10:15:00,1689.06,1692.67,1684.5600000000002,1691.06,36549000.0
2019-11-21 10:30:00,1691.0,1700.0,1690.1,1693.0,29578500.0
2019-11-21 10:45:00,1694.0000000000002,1701.0000000000002,1693.4999999999998,1699.5,38759800.0
2019-11-21 11:00:00,1700.0,1702.0,1696.0,1698.0,27295100.0
2019-11-21 11:15:00,1698.0,1701.0000000000002,1697.5000000000002,1697.5000000000002,20611200.0
2019-11-21 11:30:00,1697.0300000000002,1698.0,1693.0,1695.0299999999997,25948700.0
2019-11-21 11:45:00,1695.0700000000002,1697.12,1686.61,1688.0700000000002,31968000.0
2019-11-21 12:00:00,1688.0,1688.5000000000002,1685.0100000000002,1686.0,18931300.0
2019-11-21 12:15:00,1685.05,1685.5,1682.0,1683.7499999999998,18922800.0
2019-11-21 12:30:00,1683.06,1684.5800000000002,1676.57,1677.0600000000002,59005300.0
2019-11-21 12:45:00,1677.4999999999998,1677.4999999999998,1673.6499999999999,1675.0,15868400.0
2019-11-21 13:00:00,1676.0000000000002,1677.0,1668.4999999999998,1669.0000000000002,40814000.0
2019-11-21 13:15:00,1669.07,1670.61,1663.6,1663.96,40483300.0
2019-11-21 13:30:00,1663.99,1664.9999999999998,1658.96,1660.06,58693100.0
2019-11-21 13:45:00,1660.0000000000002,1660.0000000000002,1658.5,1659.0,87940500.0
2019-11-21 14:00:00,1659.0,1660.0000000000002,1657.5,1660.0000000000002,30903700.0
2019-11-21 14:15:00,1659.5,1665.5,1659.0,1664.9999999999998,30539700.0
2019-11-21 14:30:00,1665.0300000000002,1665.5,1657.9999999999998,1662.03,37073900.0
2019-11-21 14:45:00,1662.0,1669.3400000000001,1662.0,1668.4999999999998,21732300.0
2019-11-21 15:00:00,1668.0,1669.0000000000002,1666.5,1669.0000000000002,11538200.0
2019-11-21 15:15:00,1669.0000000000002,1670.01,1667.0000000000002,1667.0000000000002,15634000.0
2019-11-21 15:30:00,1667.0000000000002,1669.0000000000002,1663.0,1663.0,30223400.0
2019-11-21 15:45:00,1663.0,1664.9999999999998,1661.0,1661.9900000000002,43747300.0
2019-11-21 16:00:00,1662.0,1666.0,1662.0,1664.0,90539000.0
2019-11-22 09:45:00,1674.0500000000002,1675.5,1665.5,1667.55,58648000.0
2019-11-22 10:00:00,1667.0000000000002,1667.0000000000002,1657.0,1659.0,35374100.0
2019-11-22 10:15:00,1659.03,1660.4399999999998,1649.4299999999998,1654.0299999999997,50581400.0
2019-11-22 10:30:00,1654.0299999999997,1659.9900000000002,1654.0,1658.0300000000002,24486900.0
2019-11-22 10:45:00,1659.0699999999997,1661.4999999999998,1651.5,1653.07,39407400.0
2019-11-22 11:00:00,1653.0,1657.9999999999998,1651.0000000000002,1657.9999999999998,27688000.0
2019-11-22 11:15:00,1657.9999999999998,1669.5,1657.0,1661.0,61981000.0
2019-11-22 11:30:00,1661.0600000000002,1661.4999999999998,1657.0,1660.56,28517300.0
2019-11-22 11:45:00,1660.5,1664.0,1657.5,1657.5,23535500.0
2019-11-22 12:00:00,1657.0,1657.2299999999998,1654.0,1655.0,14633400.0
2019-11-22 12:15:00,1654.5000000000002,1655.0,1650.5,1651.5,16311000.0
2019-11-22 12:30:00,1651.5,1657.0,1651.5,1655.0,11041400.0
2019-11-22 12:45:00,1655.9999999999998,1658.5,1654.5000000000002,1657.0,11566900.0
2019-11-22 13:00:00,1657.0,1657.9999999999998,1655.5,1657.9999999999998,14429700.0
2019-11-22 13:15:00,1657.5,1657.9999999999998,1654.0,1655.0,13597100.0
2019-11-22 13:30:00,1655.3999999999999,1655.5,1653.0,1653.0,11812000.0
2019-11-22 13:45:00,1653.0,1653.99,1651.0000000000002,1651.87,14441700.0
2019-11-22 14:00:00,1651.0000000000002,1654.0,1651.0000000000002,1653.0,11708100.0
2019-11-22 14:15:00,1652.4999999999998,1655.0,1652.4999999999998,1653.0,12460200.0
2019-11-22 14:30:00,1653.0,1655.9999999999998,1652.4999999999998,1654.5000000000002,16043200.0
2019-11-22 14:45:00,1654.5000000000002,1655.0,1651.49,1652.0,12977000.0
2019-11-22 15:00:00,1653.0,1653.0,1651.0000000000002,1651.0000000000002,8694900.0
2019-11-22 15:15:00,1651.5,1653.0,1648.0,1648.0,24242900.0
2019-11-22 15:30:00,1648.9999999999998,1649.5,1648.0,1648.02,46826800.0
2019-11-22 15:45:00,1648.0,1653.0,1647.0,1651.5,36792200.0
2019-11-22 16:00:00,1652.0,1652.0,1648.5,1650.0,66855800.0
2019-11-25 09:45:00,1642.05,1660.63,1641.6100000000001,1650.2500000000002,110238100.0
2019-11-25 10:00:00,1651.0000000000002,1667.0000000000002,1651.0000000000002,1664.9999999999998,57395900.0
2019-11-25 10:15:00,1664.5700000000002,1667.5,1659.0,1661.9700000000003,51836500.0
2019-11-25 10:30:00,1662.03,1666.0,1661.57,1663.0299999999997,28809700.0
2019-11-25 10:45:00,1663.0400000000002,1665.11,1659.1100000000001,1660.04,29764300.0
2019-11-25 11:00:00,1660.0000000000002,1662.5,1653.5,1655.9999999999998,25930700.0
2019-11-25 11:15:00,1655.0,1658.0100000000002,1654.5000000000002,1654.5000000000002,21946300.0
2019-11-25 11:30:00,1654.0500000000002,1655.0,1652.0,1654.0500000000002,21805900.0
2019-11-25 11:45:00,1654.0,1657.0,1653.0,1657.0,41610400.0
2019-11-25 12:00:00,1657.0,1664.0,1657.0,1662.0,30872900.0
2019-11-25 12:15:00,1662.0,1663.5000000000002,1660.0000000000002,1662.0,26622900.0
2019-11-25 12:30:00,1661.0,1662.5,1657.9999999999998,1658.23,29650800.0
2019-11-25 12:45:00,1658.56,1660.55,1653.55,1653.56,17835100.0
2019-11-25 13:00:00,1653.0,1657.9999999999998,1653.0,1655.9999999999998,13108300.0
2019-11-25 13:15:00,1655.54,1656.5000000000002,1653.5,1654.6,10019600.0
2019-11-25 13:30:00,1654.5000000000002,1657.0,1654.5000000000002,1656.5000000000002,10773300.0
2019-11-25 13:45:00,1656.54,1657.5,1654.0,1655.06,12664500.0
2019-11-25 14:00:00,1655.0,1656.5000000000002,1653.0,1654.0,20098500.0
2019-11-25 14:15:00,1654.0,1655.0,1650.0,1650.5,27132200.0
2019-11-25 14:30:00,1650.5500000000002,1651.5,1648.5,1650.05,29927600.0
2019-11-25 14:45:00,1650.5,1651.0000000000002,1647.0,1647.0,27251300.0
2019-11-25 15:00:00,1647.0,1647.0,1643.0,1644.0000000000002,26954100.0
2019-11-25 15:15:00,1644.06,1646.54,1642.54,1642.56,16109600.0
2019-11-25 15:30:00,1643.0,1644.0000000000002,1637.0,1639.9999999999998,52741100.0
2019-11-25 15:45:00,1639.9999999999998,1643.0,1638.5000000000002,1643.0,38386200.0
2019-11-25 16:00:00,1643.0,1644.0000000000002,1641.5,1643.0,69160500.0
2019-11-26 09:45:00,1643.0,1651.99,1642.0000000000002,1642.0000000000002,64910500.0
2019-11-26 10:00:00,1642.0000000000002,1648.9999999999998,1636.0,1648.9999999999998,46901900.0
2019-11-26 10:15:00,1649.0500000000002,1657.9999999999998,1643.0,1657.06,55428400.0
2019-11-26 10:30:00,1657.05,1660.0000000000002,1654.88,1659.05,33250800.0
2019-11-26 10:45:00,1660.03,1666.31,1658.2999999999997,1665.0300000000002,36800400.0
2019-11-26 11:00:00,1664.9999999999998,1675.0,1664.0,1675.0,57398900.0
2019-11-26 11:15:00,1675.0,1682.0,1675.0,1682.0,85717200.0
2019-11-26 11:30:00,1681.5000000000002,1682.9999999999998,1671.5,1672.0,56330700.0
2019-11-26 11:45:00,1672.0,1677.0,1671.0,1676.23,31293000.0
2019-11-26 12:00:00,1677.0,1677.0,1673.0,1673.9999999999998,17227100.0
2019-11-26 12:15:00,1673.9999999999998,1677.0,1673.5,1675.5,19102400.0
2019-11-26 12:30:00,1676.0000000000002,1678.0,1672.0,1672.4699999999998,15659900.0
2019-11-26 12:45:00,1672.0,1673.5,1668.0,1668.4999999999998,24498700.0
2019-11-26 13:00:00,1668.0,1671.0,1668.0,1669.0000000000002,14911000.0
2019-11-26 13:15:00,1669.53,1673.9999999999998,1668.6599999999999,1671.53,19201500.0
2019-11-26 13:30:00,1671.5,1676.5,1671.0,1675.5,9898400.0
2019-11-26 13:45:00,1676.0000000000002,1676.5,1675.0,1676.0000000000002,17379200.0
2019-11-26 14:00:00,1677.0,1679.5000000000002,1675.0,1679.0,16484400.0
2019-11-26 14:15:00,1678.5,1678.5,1677.0,1677.0,13803200.0
2019-11-26 14:30:00,1677.0,1677.4999999999998,1676.0000000000002,1676.0000000000002,8018200.0
2019-11-26 14:45:00,1677.0,1679.0,1676.0000000000002,1678.0,15898400.0
2019-11-26 15:00:00,1678.0,1680.0,1677.0,1680.0,11262900.0
2019-11-26 15:15:00,1679.8999999999999,1682.9999999999998,1679.5000000000002,1680.9999999999998,25757700.0
2019-11-26 15:30:00,1680.5,1684.0,1680.5,1682.9999999999998,29429100.0
2019-11-26 15:45:00,1683.07,1684.5,1681.5000000000002,1683.57,58821900.0
2019-11-26 16:00:00,1684.0,1691.0,1683.5,1686.0,145802900.0
2019-11-27 09:45:00,1676.54,1678.63,1662.6100000000001,1665.0400000000002,77955700.0
2019-11-27 10:00:00,1664.0,1664.9999999999998,1657.9999999999998,1660.0000000000002,59755600.0
2019-11-27 10:15:00,1661.0,1673.0,1661.0,1668.0,49798000.0
2019-11-27 10:30:00,1668.0700000000002,1670.62,1658.59,1659.5700000000002,24430300.0
2019-11-27 10:45:00,1660.0000000000002,1665.5,1659.0,1664.0,18120500.0
2019-11-27 11:00:00,1664.0,1664.6999999999998,1657.85,1657.9999999999998,21398700.0
2019-11-27 11:15:00,1657.04,1657.5,1654.0,1656.54,21334500.0
2019-11-27 11:30:00,1655.9999999999998,1659.0,1655.0,1658.6,26787100.0
2019-11-27 11:45:00,1659.0,1663.0,1657.9999999999998,1662.01,26929300.0
2019-11-27 12:00:00,1663.0,1666.0,1660.0000000000002,1666.0,18523600.0
2019-11-27 12:15:00,1666.0,1670.4999999999998,1665.5,1666.5,37686100.0
2019-11-27 12:30:00,1666.5500000000002,1667.0000000000002,1664.0,1666.5400000000002,16342600.0
2019-11-27 12:45:00,1667.0300000000002,1668.44,1665.4399999999998,1666.03,10343600.0
2019-11-27 13:00:00,1667.0000000000002,1667.0000000000002,1664.9999999999998,1666.0,10024300.0
2019-11-27 13:15:00,1665.5,1665.59,1663.5000000000002,1664.0,10026100.0
2019-11-27 13:30:00,1663.0,1664.0,1661.0,1663.0,8301200.0
2019-11-27 13:45:00,1664.05,1666.62,1662.6200000000001,1663.0500000000002,12974100.0
2019-11-27 14:00:00,1663.0,1664.0,1661.0,1661.0,5881300.0
2019-11-27 14:15:00,1661.0,1663.0099999999998,1661.0,1661.4999999999998,12448900.0
2019-11-27 14:30:00,1661.4999999999998,1663.0,1661.33,1663.0,7689600.0
2019-11-27 14:45:00,1662.5,1665.5,1662.0,1664.9999999999998,9051700.0
2019-11-27 15:00:00,1664.9999999999998,1669.5900000000001,1664.9999999999998,1669.0000000000002,16910500.0
2019-11-27 15:15:00,1668.4999999999998,1672.0,1668.0,1671.5,18980600.0
2019-11-27 15:30:00,1672.0,1675.0,1671.0,1671.0,24048600.0
2019-11-27 15:45:00,1671.0,1672.5000000000002,1670.0,1670.4999999999998,30130300.0
2019-11-27 16:00:00,1671.0,1672.0,1670.0,1671.0,59139500.0
